"Nome";"Entidade";"Status";"Fabricante";"Número de série";"Tipo";"Modelo";"Localização";"Sistema operacional - Nome";"Componentes - Processador";"Componentes - Memória";"Componentes - Tamanho de disco rígido";"Última atualização";"Data de criação";
"SEDERS-MS19RM4M";"RioSaudeSEDE";"Em uso";"HP";"BRJ519RM4M";"Desktop";"HP Pro SFF 400 G9";"DGOVI";"Windows 11 Pro";"Processador Intel® Core™ i5-13500T";"32 GB";"1.49 TB";"2025-12-19 09:46";"2025-07-24 23:14";
"SEDERS-MS19RM50";"RioSaudeSEDE";"Em uso";"HP";"BRJ519RM50";"Desktop";"HP Pro SFF 400 G9";"DGOVI";"Windows 11 Pro";"Processador Intel® Core™ i5-13500T";"32 GB";"1.49 TB";"2025-07-22 11:31";"2025-07-22 11:31";
"SEDERS-47M298";"RioSaudeSEDE";"Reserva";"Positivo";"5A247M298";"Desktop";"MASTER";"DGOVI";"";"";"";"";"2025-07-22 09:52";"2025-03-07 12:47";
"SEDERS-MP001387";"RioSaudeSEDE";"Defeito";"DELL";"42986272213";"Desktop";"DELL OPTIPLEX 3010";"DGOVI";"Windows 10 Pro";"3th Intel(R) Core(TM) i5-3470 CPU @ 3.20GHz";"8 GB";"500 GB";"2024-06-23 15:54";"2023-11-22 15:04";
"SEDERS-MP008492";"RioSaudeSEDE";"Reserva";"Daten";"008492";"Desktop";"DC2D-S";"DGOVI";"Windows 10 Pro";"7th Gen Intel(R) Core(TM) i5-7500 CPU @ 3.40GHz";"16 GB";"1024 GB";"2025-10-08 16:14";"2023-11-29 14:45";
"SEDERS-MP008685";"RioSaudeSEDE";"Reserva";"Daten";"01013031020068";"Desktop";"DC2D-S";"DGOVI";"Windows 10 Pro";"7th Gen Intel(R) Core(TM) i3-7100T CPU @ 3.40GH";"16 GB";"1024 GB";"2025-06-05 18:35";"2023-11-22 12:35";
"SEDERS-MP01WF89";"RioSaudeSEDE";"Reserva";"Lenovo";"1S10AU00JYBPPE01WF89";"Desktop";"THINKCENTRE LENOVO E73";"DGOVI";"Windows 10 Pro";"4th Gen Intel(R) Core(TM) i3-4160 3.60 GHz";"8 GB";"500 GB";"2025-05-14 16:40";"2024-04-02 17:58";
"SEDERS-MS003025";"RioSaudeSEDE";"Reserva";"Lenovo";"003025";"Desktop";"THINKCENTRE LENOVO E73";"DGOVI";"Windows 10 Pro";"4th Gen Intel(R) Core(TM) i3-4160 3.60 GHz";"8 GB";"500 GB";"2025-05-22 12:59";"2024-03-13 17:55";
"SEDERS-MS010001";"RioSaudeSEDE";"Fora de uso";"Daten";"01026426010001";"MiniPC";"DC3A-U DATEN";"DGOVI";"Windows 10 Pro";"AMD Ryzen 3 PRO 3200GE W/Radeon Vega Graphics 3.30 GHz";"8 GB";"500 GB";"2026-01-19 13:38";"2023-11-21 11:07";
"SEDERS-MS010001";"RioSaudeSEDE";"Defeito";"Daten";"01026619010001";"MiniPC";"DC3A-U DATEN";"DGOVI";"Windows 10 Pro";"AMD Ryzen 3 PRO 3200GE W/Radeon Vega Graphics 3.30 GHz";"16 GB";"500 GB";"2026-01-07 14:18";"2023-11-29 11:39";
"SEDERS-MS010002";"RioSaudeSEDE";"Reserva";"Daten";"01012624010002";"Desktop";"DC1A-S";"DGOVI";"Windows 10 Pro";"AMD Ryzen™ 3 5400U";"8 GB";"500 GB";"2025-05-14 16:55";"2023-12-13 13:19";
"SEDERS-MS010003";"RioSaudeSEDE";"Defeito";"Daten";"01026549010003";"Desktop";"DC3A-U DATEN";"DGOVI";"Windows 11 Pro";"AMD Ryzen 5 PRO 3400GE W/Radeon Vega Graphics 3.30 GHz";"16 GB";"1024 GB";"2024-06-23 15:54";"2023-11-23 18:01";
"SEDERS-MS010007";"RioSaudeSEDE";"Defeito";"Daten";"01026619010007";"Desktop";"DC3A-U DATEN";"DGOVI";"Windows 11 Pro";"AMD Ryzen 3 PRO 3200GE W/Radeon Vega Graphics 3.30 GHz";"8 GB";"320 GB";"2024-06-20 10:17";"2023-11-23 14:38";
"SEDERS-MS010008";"RioSaudeSEDE";"Defeito";"Daten";"01026619010008";"MiniPC";"DC3A-U DATEN";"DGOVI";"Windows 10 Pro";"AMD Ryzen 3 PRO 3200GE W/Radeon Vega Graphics 3.30 GHz";"8 GB";"500 GB";"2024-09-03 11:44";"2023-11-23 10:04";
"SEDERS-MS010071";"RioSaudeSEDE";"Defeito";"Daten";"01027564010071";"MiniPC";"DC3A-U DATEN";"DGOVI";"Windows 10 Pro";"AMD Ryzen 5 PRO 3400GE W/Radeon Vega Graphics 3.30 GHz";"16 GB";"1024 GB";"2025-02-14 09:36";"2023-11-23 11:10";
"SEDERS-MS010109";"RioSaudeSEDE";"Defeito";"Daten";"01027564010109";"Desktop";"DC3A-U DATEN";"DGOVI";"Windows 10 Pro";"AMD Ryzen 3 PRO 3200GE W/Radeon Vega Graphics 3.30 GHz";"16 GB";"500 GB";"2026-01-16 12:18";"2023-12-13 13:14";
"SEDERS-MS010171";"RioSaudeSEDE";"Reserva";"Daten";"01037380010171";"MiniPC";"DC3A-U DATEN";"DGOVI";"";"";"";"";"2025-06-25 14:05";"2025-04-09 12:59";
"SEDERS-MS015C4M";"RioSaudeSEDE";"Fora de uso";"Positivo";"1A9015C4M";"Desktop";"MASTER";"DGOVI";"Windows 10 Pro";"Intel(R) Core(TM) i3-2120 CPU @ 3.30Ghz";"14 GB";"500 GB";"2024-10-29 11:10";"2023-12-12 16:33";
"SEDERS-MS01VC44";"RioSaudeSEDE";"Reserva";"Lenovo";"1S10AU00JYBPPPE01VC44";"Desktop";"THINKCENTRE LENOVO E73";"DGOVI";"Windows 10 Pro";"4th Gen Intel(R) Core(TM) i3-4160 3.60 GHz";"8 GB";"500 GB";"2025-09-15 16:14";"2024-02-07 10:08";
"SEDERS-MS01WCHL";"RioSaudeSEDE";"Reserva";"Lenovo";"PE01WCHL";"Desktop";"THINKCENTRE LENOVO E73";"DGOVI";"Windows 10 Pro";"4th Gen Intel(R) Core(TM) i3-4160 3.60 GHz";"8 GB";"500 GB";"2025-06-26 11:43";"2024-05-27 15:19";
"SEDERS-MS01WCTW";"RioSaudeSEDE";"Reserva";"Lenovo";"PE01WCTW";"Desktop";"THINKCENTRE LENOVO E73";"DGOVI";"Windows 11 Pro";"";"";"";"2025-08-25 17:18";"2024-06-11 15:31";
"SEDERS-MS01WF11";"RioSaudeSEDE";"Reserva";"Lenovo";"1S10AU00JYBPPE01WF11";"Desktop";"THINKCENTRE LENOVO E73";"DGOVI";"Windows 10 Pro";"4th Gen Intel(R) Core(TM) i3-4160 3.60 GHz";"8 GB";"500 GB";"2025-09-05 09:16";"2024-04-02 18:06";
"SEDERS-MS01WF14";"RioSaudeSEDE";"Reserva";"Lenovo";"PE01WF14";"Desktop";"THINKCENTRE LENOVO E73";"DGOVI";"Windows 11 Pro";"4th Gen Intel(R) Core(TM) i3-4160 3.60 GHz";"4 GB";"500 GB";"2026-01-06 09:57";"2023-12-13 15:09";
"SEDERS-MS01WF26";"RioSaudeSEDE";"Reserva";"Lenovo";"1S10AU00JYBPPE01WF26";"Desktop";"THINKCENTRE LENOVO E73";"DGOVI";"Windows 10 Pro";"4th Gen Intel(R) Core(TM) i3-4160 3.60 GHz";"8 GB";"500 GB";"2025-09-05 09:17";"2024-06-06 18:32";
"SEDERS-MS01WF28";"RioSaudeSEDE";"Reserva";"Lenovo";"1S10AU00JYBPPE01WF28";"Desktop";"THINKCENTRE LENOVO E73";"DGOVI";"Windows 10 Pro";"4th Gen Intel(R) Core(TM) i3-4160 3.60 GHz";"8 GB";"500 GB";"2025-05-05 18:07";"2024-05-13 17:51";
"SEDERS-MS01WF4V";"RioSaudeSEDE";"Reserva";"Lenovo";"PE01WF4V";"Desktop";"THINKCENTRE LENOVO E73";"DGOVI";"Windows 11 Pro";"";"4 GB";"";"2025-08-25 17:18";"2024-06-11 15:29";
"SEDERS-MS01WF59";"RioSaudeSEDE";"Reserva";"Lenovo";"PE01WF59";"Desktop";"THINKCENTRE LENOVO E73";"DGOVI";"";"";"";"";"2025-06-25 17:31";"2024-04-30 17:27";
"SEDERS-MS01WHTW";"RioSaudeSEDE";"Reserva";"Lenovo";"1S10AU00JYBPPE01WHTW";"Desktop";"THINKCENTRE LENOVO E73";"DGOVI";"";"4th Gen Intel(R) Core(TM) i3-4160 3.60 GHz";"8 GB";"500 GB";"2025-06-26 11:42";"2024-06-06 18:28";
"SEDERS-MS01WHUA";"RioSaudeSEDE";"Reserva";"Lenovo";"1S10AU03JYBPPE01WHUA";"Desktop";"THINKCENTRE LENOVO E73";"DGOVI";"Windows 10 Pro";"4th Gen Intel(R) Core(TM) i3-4160 3.60 GHz";"8 GB";"500 GB";"2025-06-04 16:39";"2024-02-16 16:51";
"SEDERS-MS01WHUA";"RioSaudeSEDE";"Reserva";"Lenovo";"1S10AU00JYBPPE01WHUA";"Desktop";"THINKCENTRE LENOVO E73";"DGOVI";"Windows 10 Pro";"4th Gen Intel(R) Core(TM) i3-4160 3.60 GHz";"8 GB";"500 GB";"2025-06-04 16:40";"2024-05-23 09:00";
"SEDERS-MS01WL31";"RioSaudeSEDE";"Reserva";"Lenovo";"1S10AU00JYBPPE01WL31";"Desktop";"THINKCENTRE LENOVO E73";"DGOVI";"Windows 10 Pro";"4th Gen Intel(R) Core(TM) i3-4160 3.60 GHz";"8 GB";"500 GB";"2025-05-13 16:33";"2023-12-13 15:34";
"SEDERS-MS01X0B3";"RioSaudeSEDE";"Reserva";"Lenovo";"1S10AU00JYBPPE01X0B3";"Desktop";"THINKCENTRE LENOVO E73";"DGOVI";"Windows 10 Pro";"4th Gen Intel(R) Core(TM) i3-4160 3.60 GHz";"8 GB";"500 GB";"2025-07-23 11:54";"2023-12-13 15:24";
"SEDERS-MS01X0SB";"RioSaudeSEDE";"Reserva";"Lenovo";"1S10AU00JYBPPE01X0SB";"Desktop";"THINKCENTRE LENOVO E73";"DGOVI";"Windows 10 Pro";"6th  Intel(R) Core(TM) i5-6500 CPU  3.20GHz";"8 GB";"500 GB";"2025-07-15 16:52";"2024-05-17 16:07";
"SEDERS-MS01X3DA";"RioSaudeSEDE";"Reserva";"Lenovo";"1S10AU00JYBPPE01X3DA";"Desktop";"THINKCENTRE LENOVO E73";"DGOVI";"Windows 10 Pro";"4th Gen Intel(R) Core(TM) i3-4160 3.60 GHz";"8 GB";"500 GB";"2025-05-13 15:30";"2024-04-02 17:48";
"SEDERS-MS02F46Q";"RioSaudeSEDE";"Defeito";"HP";"BRG102F46Q";"Desktop";"COMPAQ - 3008 MT";"DGOVI";"Windows 10 Pro";"";"";"";"2024-06-13 14:37";"2023-12-29 12:03";
"SEDERS-MS030162";"RioSaudeSEDE";"Defeito";"Daten";"01027564030162";"Desktop";"DC3A-U DATEN";"DGOVI";"Windows 10 Pro";"AMD Ryzen 5 PRO 3400GE W/Radeon Vega Graphics 3.30 GHz";"16 GB";"1024 GB";"2025-12-10 09:33";"2023-12-12 16:49";
"SEDERS-MS19RM3F";"RioSaudeSEDE";"Em uso";"HP";"BRJ519RM3F";"Desktop";"HP Pro SFF 400 G9";"DGOVI";"Windows 11 Pro";"Processador Intel® Core™ i5-13500T";"32 GB";"1.49 TB";"2025-05-26 15:22";"2025-05-26 15:22";
"SEDERS-MS19RM43";"RioSaudeSEDE";"Em uso";"HP";"BRJ519RM43";"Desktop";"HP Pro SFF 400 G9";"DGOVI";"Windows 11 Pro";"Processador Intel® Core™ i5-13500T";"32 GB";"1.49 TB";"2025-05-26 11:03";"2025-05-26 11:03";
"SEDERS-MS19RM49";"RioSaudeSEDE";"Em uso";"HP";"BRJ519RM49";"Desktop";"HP Pro SFF 400 G9";"DGOVI > INFRAESTRUTURA E SUPORTE";"Windows 11 Pro";"Processador Intel® Core™ i5-13500T";"32 GB";"1.49 TB";"2025-05-28 14:02";"2025-05-27 16:47";
"SEDERS-MS19RM4G";"RioSaudeSEDE";"Em uso";"HP";"BRJ519RM4G";"Desktop";"HP Pro SFF 400 G9";"DGOVI";"Windows 11 Pro";"Processador Intel® Core™ i5-13500T";"32 GB";"1.49 TB";"2025-12-19 09:48";"2025-05-26 15:34";
"SEDERS-MS19RM4J";"RioSaudeSEDE";"Em uso";"HP";"BRJ519RM4J";"Desktop";"HP Pro SFF 400 G9";"DGOVI";"Windows 11 Pro";"Processador Intel® Core™ i5-13500T";"32 GB";"1.49 TB";"2025-05-23 10:55";"2025-05-23 10:55";
"SEDERS-MS19RM4K";"RioSaudeSEDE";"Em uso";"HP";"BRJ519RM4K";"Desktop";"HP Pro SFF 400 G9";"DGOVI";"Windows 11 Pro";"Processador Intel® Core™ i5-13500T";"32 GB";"1.49 TB";"2025-05-27 16:38";"2025-05-27 16:38";
"SEDERS-MS19RM4N";"RioSaudeSEDE";"Em uso";"HP";"BRJ519RM4N";"Desktop";"HP Pro SFF 400 G9";"DGOVI";"Windows 11 Pro";"Processador Intel® Core™ i5-13500T";"32 GB";"1.49 TB";"2025-07-16 16:37";"2025-07-16 16:37";
"SEDERS-MS19RM4P";"RioSaudeSEDE";"Em uso";"HP";"BRJ519RM4P";"Desktop";"HP Pro SFF 400 G9";"DGOVI";"Windows 11 Pro";"Processador Intel® Core™ i5-13500T";"32 GB";"1.49 TB";"2025-07-16 11:28";"2025-07-16 11:28";
"SEDERS-MS19RM56";"RioSaudeSEDE";"Em uso";"HP";"BRJ519RM56";"Desktop";"HP Pro SFF 400 G9";"DGOVI";"Windows 11 Pro";"Processador Intel® Core™ i5-13500T";"32 GB";"1.49 TB";"2025-05-26 15:36";"2025-05-26 15:36";
"SEDERS-MS19RM58";"RioSaudeSEDE";"Em uso";"HP";"BRJ519RM58";"Desktop";"HP Pro SFF 400 G9";"DGOVI";"Windows 11 Pro";"Processador Intel® Core™ i5-13500T";"32 GB";"1.49 TB";"2025-07-23 09:50";"2025-05-27 09:14";
"SEDERS-MS19RM5F";"RioSaudeSEDE";"Em uso";"HP";"BRJ519RM5F";"Desktop";"HP Pro SFF 400 G9";"DGOVI";"Windows 11 Pro";"Processador Intel® Core™ i5-13500T";"32 GB";"1.49 TB";"2025-07-23 09:51";"2025-05-27 09:12";
"SEDERS-MS19RM5W";"RioSaudeSEDE";"Em uso";"HP";"BRJ519RM5W";"Desktop";"HP Pro SFF 400 G9";"DGOVI";"Windows 11 Pro";"Processador Intel® Core™ i5-13500T";"32 GB";"1.49 TB";"2025-07-21 09:10";"2025-07-21 09:10";
"SEDERS-MS19RM60";"RioSaudeSEDE";"Em uso";"HP";"BRJ519RM60";"Desktop";"HP Pro SFF 400 G9";"DGOVI";"Windows 11 Pro";"Processador Intel® Core™ i5-13500T";"32 GB";"1.49 TB";"2025-07-16 15:34";"2025-07-16 15:34";
"SEDERS-MS19RM64";"RioSaudeSEDE";"Em uso";"HP";"BRJ519RM64";"Desktop";"HP Pro SFF 400 G9";"DGOVI";"Windows 11 Pro";"Processador Intel® Core™ i5-13500T";"32 GB";"1.49 TB";"2025-11-28 16:33";"2025-11-28 16:33";
"SEDERS-MS19RM6N";"RioSaudeSEDE";"Fora de uso";"HP";"BRJ519RM6N";"Desktop";"HP Pro SFF 400 G9";"DGOVI";"Windows 11 Pro";"Processador Intel® Core™ i5-13500T";"32 GB";"1.49 TB";"2025-12-19 09:46";"2025-07-23 11:30";
"SEDERS-MS19RM6W";"RioSaudeSEDE";"Em uso";"HP";"BRJ519RM6W";"Desktop";"HP Pro SFF 400 G9";"DGOVI";"Windows 11 Pro";"Processador Intel® Core™ i5-13500T";"32 GB";"1.49 TB";"2025-05-23 14:57";"2025-05-23 14:57";
"SEDERS-MS19RM7B";"RioSaudeSEDE";"Em uso";"HP";"BRJ519RM7B";"Desktop";"HP Pro SFF 400 G9";"DGOVI";"Windows 11 Pro";"Processador Intel® Core™ i5-13500T";"32 GB";"1.49 TB";"2025-05-22 16:11";"2024-06-14 14:31";
"SEDERS-MS19RM7H";"RioSaudeSEDE";"Em uso";"HP";"BRJ519RM7H";"Desktop";"HP Pro SFF 400 G9";"DGOVI";"Windows 11 Pro";"Processador Intel® Core™ i5-13500T";"32 GB";"1.49 TB";"2025-05-26 15:29";"2025-05-26 09:25";
"SEDERS-MS19RM7Q";"RioSaudeSEDE";"Em uso";"HP";"BRJ519RM7Q";"Desktop";"HP Pro SFF 400 G9";"DGOVI";"Windows 11 Pro";"Processador Intel® Core™ i5-13500T";"32 GB";"1.49 TB";"2025-07-23 09:48";"2025-05-27 08:54";
"SEDERS-MS19RM81";"RioSaudeSEDE";"Em uso";"HP";"BRJ519RM81";"Desktop";"HP Pro SFF 400 G9";"DGOVI";"Windows 11 Pro";"Processador Intel® Core™ i5-13500T";"32 GB";"1.49 TB";"2025-05-26 15:47";"2025-05-26 15:47";
"SEDERS-MS19RM8C";"RioSaudeSEDE";"Em uso";"HP";"BRJ519RM8C";"Desktop";"HP Pro SFF 400 G9";"DGOVI";"";"Processador Intel® Core™ i5-13500T";"32 GB";"1.49 TB";"2026-01-16 18:20";"2025-05-23 11:01";
"SEDERS-MS19RM8G";"RioSaudeSEDE";"Em uso";"HP";"BRJ519RM8G";"Desktop";"HP Pro SFF 400 G9";"DGOVI";"Windows 11 Pro";"Processador Intel® Core™ i5-13500T";"32 GB";"1.49 TB";"2025-05-28 17:04";"2025-05-28 16:43";
"SEDERS-MS19RM8P";"RioSaudeSEDE";"Fora de uso";"HP";"BRJ519RM8P";"Desktop";"HP Pro SFF 400 G9";"DGOVI";"Windows 11 Pro";"Processador Intel® Core™ i5-13500T";"32 GB";"1.49 TB";"2025-12-19 09:45";"2025-06-02 11:51";
"SEDERS-MS1X211";"RioSaudeSEDE";"Em uso";"Positivo";"5A361X211";"Desktop";"POSITIVO MASTER - D3300";"DGOVI";"";"";"";"";"2024-09-09 09:07";"2024-06-13 15:45";
"SEDERS-MS260835";"RioSaudeSEDE";"Fora de uso";"Daten";"00260835";"Desktop";"";"DGOVI";"";"";"";"";"2025-07-18 15:00";"2025-02-14 09:52";
"SEDERS-MS260838";"RioSaudeSEDE";"Reserva";"Daten";"00260838";"Desktop";"";"DGOVI";"Windows 10 Pro";"";"";"";"2025-07-18 14:30";"2023-12-29 12:00";
"SEDERS-MS27ZC3R";"RioSaudeSEDE";"";"Positivo";"1A427ZC3R";"Desktop";"POS-AT K13PE";"DGOVI";"Windows 10 Pro";"Intel(R) Core(TM) i3 CPU 550 @ 3.20Ghz";"4 GB";"500 GB";"2024-06-13 14:32";"2023-12-05 16:13";
"SEDERS-MS29R653";"RioSaudeSEDE";"Em uso";"Positivo";"5A529R653";"MiniPC";"POS MASTER C8400 MINIPRO";"DGOVI";"Windows 11 Pro";"";"";"";"2026-01-16 18:16";"2025-06-26 09:48";
"SEDERS-MS29R77G";"RioSaudeSEDE";"Em uso";"Positivo";"5A529R77G";"MiniPC";"POS MASTER C8400 MINIPRO";"DGOVI";"Windows 11 Pro";"Processador Intel® Core™ i5-13500T";"8 GB";"500 GB";"2025-05-22 13:47";"2024-06-14 14:27";
"SEDERS-MS29R78L";"RioSaudeSEDE";"";"Positivo";"29R78L";"MiniPC";"";"DGOVI";"Windows 11 Pro";"";"8 GB";"";"2025-05-04 21:32";"2025-05-04 21:29";
"SEDERS-MS29R832";"RioSaudeSEDE";"Reserva";"Positivo";"5A529R832";"MiniPC";"POS MASTER C8400 MINIPRO";"DGOVI";"Windows 11 Pro";"Processador Intel® Core™ i5-13500T";"8 GB";"500 GB";"2025-05-09 13:22";"2025-05-09 13:22";
"SEDERS-MS29R83Z";"RioSaudeSEDE";"Em uso";"Positivo";"5A529R83Z";"MiniPC";"POS MASTER C8400 MINIPRO";"DGOVI";"Windows 11 Pro";"Processador Intel® Core™ i5-13500T";"8 GB";"500 GB";"2025-08-15 17:27";"2025-05-04 21:29";
"SEDERS-MS29R859";"RioSaudeSEDE";"Em uso";"Positivo";"5A529R859";"MiniPC";"POS MASTER C8400 MINIPRO";"DGOVI";"Windows 11 Pro";"Processador Intel® Core™ i5-13500T";"8 GB";"500 GB";"2025-06-26 14:50";"2025-06-26 14:50";
"SEDERS-MS29R97M";"RioSaudeSEDE";"Em uso";"Positivo";"5A529R97M";"MiniPC";"POS MASTER C8400 MINIPRO";"DGOVI";"Windows 11 Pro";"Processador Intel® Core™ i5-13500T";"8 GB";"500 GB";"2025-07-23 11:22";"2025-07-23 11:22";
"SEDERS-MS29RJ8L";"RioSaudeSEDE";"Em uso";"Positivo";"5A529RJ8L";"MiniPC";"POS MASTER C8400 MINIPRO";"DGOVI";"Windows 11 Pro";"Processador Intel® Core™ i5-13500T";"8 GB";"500 GB";"2025-08-15 17:26";"2025-08-15 17:25";
"SEDERS-MS312D6G";"RioSaudeSEDE";"Reserva";"Positivo";"1A4312D6G";"Desktop";"POS-AT K13PE";"DGOVI";"Windows 10 Pro";"Intel(R) Core(TM) i3 CPU 550 @ 3.20Ghz";"8 GB";"500 GB";"2025-05-08 10:16";"2023-11-21 13:20";
"SEDERS-MS31KD86";"RioSaudeSEDE";"Em uso";"Positivo";"5A531KD86";"MiniPC";"POS MASTER C8400 MINIPRO";"DGOVI";"Windows 11 Pro";"Processador Intel® Core™ i5-13500T";"8 GB";"500 GB";"2026-01-16 18:16";"2025-07-01 16:53";
"SEDERS-MS37TC62";"RioSaudeSEDE";"Reserva";"Positivo";"5A537TC62";"MiniPC";"POS MASTER C8400 MINIPRO";"DGOVI";"";"";"";"";"2025-12-19 15:00";"2025-12-19 15:00";
"SEDERS-MS37TG2U";"RioSaudeSEDE";"Reserva";"Positivo";"5A537TG2U";"MiniPC";"POS MASTER C8400 MINIPRO";"DGOVI";"";"";"";"";"2025-12-19 15:04";"2025-12-19 15:04";
"SEDERS-MS37V71C";"RioSaudeSEDE";"Em uso";"Positivo";"5A537V71C";"MiniPC";"POS MASTER C8400 MINIPRO";"DGOVI";"Windows 11 Pro";"";"";"";"2026-01-16 18:22";"2025-12-19 15:40";
"SEDERS-MS37V864";"RioSaudeSEDE";"Reserva";"Positivo";"5A537V864";"MiniPC";"POS MASTER C8400 MINIPRO";"DGOVI";"";"";"";"";"2025-12-19 15:01";"2025-12-19 15:01";
"SEDERS-MS37VB3Y";"RioSaudeSEDE";"Em uso";"Positivo";"5A537VB3Y";"MiniPC";"POS MASTER C8400 MINIPRO";"DGOVI";"Windows 11 Pro";"";"";"";"2026-01-16 18:15";"2025-12-19 15:41";
"SEDERS-MS37VD9Y";"RioSaudeSEDE";"Reserva";"Positivo";"5A537VD9Y";"MiniPC";"POS MASTER C8400 MINIPRO";"DGOVI";"";"";"";"";"2025-12-19 14:59";"2025-12-19 14:59";
"SEDERS-MS37VF0V";"RioSaudeSEDE";"Reserva";"Positivo";"5A537VF0V";"MiniPC";"POS MASTER C8400 MINIPRO";"DGOVI";"";"";"";"";"2025-12-19 15:05";"2025-12-19 15:05";
"SEDERS-MS38SG01";"RioSaudeSEDE";"Defeito";"Positivo";"1AM38SG0I";"MiniPC";"POS MASTER C8400 MINIPRO";"DGOVI";"Windows 10 Pro";"12th Gen Intel(R) Core(TM) i3-12100t   2.20 GHz";"8 GB";"1024 GB";"2026-01-19 13:39";"2025-08-07 10:37";
"SEDERS-MS410H8Q";"RioSaudeSEDE";"Reserva";"Positivo";"5A5410H8Q";"MiniPC";"";"DGOVI";"Windows 11 Pro";"";"";"";"2025-12-19 15:40";"2025-12-19 15:40";
"SEDERS-MS46B43Q";"RioSaudeSEDE";"Em uso";"Positivo";"5A376B43Q";"Desktop";"POSITIVO MASTER D3400 ROHS";"DGOVI";"Windows 10 Pro";"12th Gen Intel(R) Core(TM) i5-12400   2.50 GHz";"16 GB";"1024 GB";"2024-06-13 16:31";"2023-11-13 12:30";
"SEDERS-MS521290";"RioSaudeSEDE";"Reserva";"Positivo";"1A3521290";"Desktop";"POS-AT K13PE";"DGOVI";"Windows 10 Pro";"Intel(R) Core(TM) i3 CPU 550 @ 3.20Ghz";"4 GB";"500 GB";"2025-07-10 10:03";"2023-12-12 15:02";
"SEDERS-MS541J8G";"RioSaudeSEDE";"";"Positivo";"1A3541J8G";"Desktop";"POS-AT K13PE";"DGOVI";"Windows 10 Pro";"Intel(R) Core(TM) i3 CPU 550 @ 3.20Ghz";"6 GB";"500 GB";"2024-06-13 14:35";"2023-12-29 12:05";
"SEDERS-MS61WZ8K";"RioSaudeSEDE";"Em uso";"Positivo";"5A361WZ8K";"Desktop";"POSITIVO MASTER - D3300";"DGOVI";"";"";"";"";"2024-06-13 16:00";"2024-06-13 16:00";
"SEDERS-MS61X16N";"RioSaudeSEDE";"Em uso";"Positivo";"5A361X16N";"Desktop";"POSITIVO MASTER - D3300";"DGOVI";"";"";"";"";"2024-06-13 16:13";"2024-06-13 16:13";
"SEDERS-MS61XG17";"RioSaudeSEDE";"Em uso";"Positivo";"5A361XG17";"Desktop";"POSITIVO MASTER - D3300";"DGOVI";"";"";"";"";"2024-06-13 15:57";"2024-06-13 15:54";
"SEDERS-MS769M4Z";"RioSaudeSEDE";"Em uso";"Positivo";"5A3769M4Z";"Desktop";"POSITIVO MASTER D3400 ROHS";"DGOVI";"Windows 10 Pro";"12th Gen Intel(R) Core(TM) i5-12400   2.50 GHz";"16 GB";"1024 GB";"2023-11-24 12:05";"2023-11-24 12:05";
"SEDERS-MS769P8S";"RioSaudeSEDE";"Em uso";"Positivo";"5A3769P8S";"Desktop";"POSITIVO MASTER D3400 ROHS";"DGOVI";"Windows 10 Pro";"12th Gen Intel(R) Core(TM) i5-12400   2.50 GHz";"16 GB";"1024 GB";"2023-11-24 12:19";"2023-11-24 12:19";
"SEDERS-MS769R1Z";"RioSaudeSEDE";"Em uso";"Positivo";"5A3769R1Z";"Desktop";"POSITIVO MASTER D3400 ROHS";"DGOVI";"Windows 10 Pro";"12th Gen Intel(R) Core(TM) i5-12400   2.50 GHz";"16 GB";"1024 GB";"2023-11-24 11:18";"2023-11-24 11:18";
"SEDERS-MS769S0X";"RioSaudeSEDE";"Em uso";"Positivo";"5A3769S0X";"Desktop";"POSITIVO MASTER D3400 ROHS";"DGOVI";"Windows 10 Pro";"12th Gen Intel(R) Core(TM) i5-12400   2.50 GHz";"16 GB";"1024 GB";"2023-11-24 11:16";"2023-11-24 11:06";
"SEDERS-MS769S81";"RioSaudeSEDE";"Em uso";"Positivo";"5A3769S81";"Desktop";"POSITIVO MASTER D3400 ROHS";"DGOVI";"Windows 10 Pro";"12th Gen Intel(R) Core(TM) i5-12400   2.50 GHz";"16 GB";"1024 GB";"2023-11-24 11:27";"2023-11-24 11:27";
"SEDERS-MS769T6U";"RioSaudeSEDE";"Em uso";"Positivo";"5A3769T6U";"Desktop";"POSITIVO MASTER D3400 ROHS";"DGOVI";"Windows 10 Pro";"12th Gen Intel(R) Core(TM) i5-12400   2.50 GHz";"16 GB";"1024 GB";"2023-11-16 17:39";"2023-11-16 17:39";
"SEDERS-MS769V4Q";"RioSaudeSEDE";"Em uso";"Positivo";"5A3769V4Q";"Desktop";"POSITIVO MASTER D3400 ROHS";"DGOVI";"Windows 10 Pro";"12th Gen Intel(R) Core(TM) i5-12400   2.50 GHz";"16 GB";"1024 GB";"2025-07-21 11:27";"2023-11-28 12:13";
"SEDERS-MS769X8G";"RioSaudeSEDE";"Em uso";"Positivo";"5A3769X8G";"Desktop";"POSITIVO MASTER D3400 ROHS";"DGOVI";"Windows 10 Pro";"12th Gen Intel(R) Core(TM) i5-12400   2.50 GHz";"16 GB";"1024 GB";"2023-11-24 11:14";"2023-11-24 11:14";
"SEDERS-MS769X9L";"RioSaudeSEDE";"Em uso";"Positivo";"5A3769X9L";"Desktop";"POSITIVO MASTER D3400 ROHS";"DGOVI";"Windows 10 Pro";"12th Gen Intel(R) Core(TM) i5-12400   2.50 GHz";"16 GB";"1024 GB";"2023-11-24 11:09";"2023-11-24 10:17";
"SEDERS-MS769Y0F";"RioSaudeSEDE";"Em uso";"Positivo";"5A3769Y0F";"Desktop";"POSITIVO MASTER D3400 ROHS";"DGOVI";"Windows 10 Pro";"12th Gen Intel(R) Core(TM) i5-12400   2.50 GHz";"16 GB";"1024 GB";"2024-06-14 09:26";"2023-11-24 10:28";
"SEDERS-MS76B014";"RioSaudeSEDE";"Em uso";"Positivo";"5A376B014";"Desktop";"POSITIVO MASTER D3400 ROHS";"DGOVI";"Windows 10 Pro";"12th Gen Intel(R) Core(TM) i5-12400   2.50 GHz";"16 GB";"1024 GB";"2023-11-24 11:52";"2023-11-24 11:52";
"SEDERS-MS76B05O";"RioSaudeSEDE";"Em uso";"Positivo";"5A376B05O";"Desktop";"POSITIVO MASTER D3400 ROHS";"DGOVI";"Windows 10 Pro";"12th Gen Intel(R) Core(TM) i5-12400   2.50 GHz";"16 GB";"1024 GB";"2023-12-27 11:24";"2023-11-24 10:19";
"SEDERS-MS76B07Y";"RioSaudeSEDE";"Em uso";"Positivo";"5A376B07Y";"Desktop";"POSITIVO MASTER D3400 ROHS";"DGOVI";"Windows 10 Pro";"12th Gen Intel(R) Core(TM) i5-12400   2.50 GHz";"16 GB";"1024 GB";"2023-11-24 11:21";"2023-11-24 11:21";
"SEDERS-MS76B13H";"RioSaudeSEDE";"Em uso";"Positivo";"5A376B13H";"Desktop";"POSITIVO MASTER D3400 ROHS";"DGOVI";"Windows 10 Pro";"12th Gen Intel(R) Core(TM) i5-12400   2.50 GHz";"16 GB";"1024 GB";"2023-11-24 11:25";"2023-11-24 11:25";
"SEDERS-MS76B44V";"RioSaudeSEDE";"Em uso";"Positivo";"5A376B44V";"Desktop";"POSITIVO MASTER D3400 ROHS";"DGOVI";"Windows 10 Pro";"12th Gen Intel(R) Core(TM) i5-12400   2.50 GHz";"16 GB";"1024 GB";"2024-06-14 09:28";"2023-11-24 11:55";
"SEDERS-MS76B70K";"RioSaudeSEDE";"Em uso";"Positivo";"5A376B70K";"Desktop";"POSITIVO MASTER D3400 ROHS";"DGOVI";"Windows 10 Pro";"12th Gen Intel(R) Core(TM) i5-12400   2.50 GHz";"16 GB";"1024 GB";"2023-11-24 10:30";"2023-11-24 10:30";
"SEDERS-MS76B935";"RioSaudeSEDE";"Em uso";"Positivo";"5A376B935";"Desktop";"POSITIVO MASTER D3400 ROHS";"DGOVI";"Windows 10 Pro";"12th Gen Intel(R) Core(TM) i5-12400   2.50 GHz";"16 GB";"1024 GB";"2023-11-24 11:17";"2023-11-24 11:17";
"SEDERS-MS76BB6Q";"RioSaudeSEDE";"Em uso";"Positivo";"5A376BB6Q";"Desktop";"POSITIVO MASTER D3400 ROHS";"DGOVI";"Windows 10 Pro";"12th Gen Intel(R) Core(TM) i5-12400   2.50 GHz";"16 GB";"1024 GB";"2024-06-14 09:39";"2023-11-24 11:08";
"SEDERS-MS76BC0Z";"RioSaudeSEDE";"Em uso";"Positivo";"5A376BC0Z";"Desktop";"POSITIVO MASTER D3400 ROHS";"DGOVI";"Windows 10 Pro";"12th Gen Intel(R) Core(TM) i5-12400   2.50 GHz";"16 GB";"1024 GB";"2026-01-06 09:09";"2023-11-16 16:48";
"SEDERS-MS76BD3H";"RioSaudeSEDE";"Em uso";"Positivo";"5A376BD3H";"Desktop";"POSITIVO MASTER D3400 ROHS";"DGOVI";"Windows 10 Pro";"12th Gen Intel(R) Core(TM) i5-12400   2.50 GHz";"16 GB";"1024 GB";"2025-11-28 16:19";"2023-11-30 10:41";
"SEDERS-MS76BD71";"RioSaudeSEDE";"Em uso";"Positivo";"5A376BD71";"Desktop";"POSITIVO MASTER D3400 ROHS";"DGOVI";"Windows 10 Pro";"12th Gen Intel(R) Core(TM) i5-12400   2.50 GHz";"16 GB";"1024 GB";"2025-08-04 08:29";"2023-12-01 14:31";
"SEDERS-MS76BG1G";"RioSaudeSEDE";"Em uso";"Positivo";"5A376BG1G";"Desktop";"POSITIVO MASTER D3400 ROHS";"DGOVI";"Windows 10 Pro";"12th Gen Intel(R) Core(TM) i5-12400   2.50 GHz";"16 GB";"1024 GB";"2023-11-24 11:23";"2023-11-24 11:23";
"SEDERS-MS76BK8R";"RioSaudeSEDE";"Em uso";"Positivo";"5A376BK8R";"Desktop";"POSITIVO MASTER D3400 ROHS";"DGOVI";"Windows 10 Pro";"12th Gen Intel(R) Core(TM) i5-12400   2.50 GHz";"16 GB";"1024 GB";"2026-01-06 09:09";"2023-11-21 14:03";
"SEDERS-MS76BP4M";"RioSaudeSEDE";"Em uso";"Positivo";"5A376BP4M";"Desktop";"POSITIVO MASTER D3400 ROHS";"DGOVI";"Windows 10 Pro";"12th Gen Intel(R) Core(TM) i5-12400   2.50 GHz";"16 GB";"1024 GB";"2025-07-23 10:21";"2023-11-28 12:30";
"SEDERS-MS77C60N";"RioSaudeSEDE";"Reserva";"Positivo";"4A577C60N";"Desktop";"POSITIVO MASTER - C610 MINI PRO";"DGOVI";"Windows 10 Pro";"7th Gen Intel(R) Core(TM) i3-7100T CPU @ 3.40GH";"8 GB";"500 GB";"2025-07-22 09:55";"2023-11-23 09:52";
"SEDERS-MS78TM8L";"RioSaudeSEDE";"Fora de uso";"Positivo";"5A378TM8L";"MiniPC";"POSITIVO MASTER C6400 MINI PRO ROHS";"DGOVI";"Windows 10 Pro";"12th Gen Intel(R) Core(TM) i3-12100t   2.20 GHz";"8 GB";"500 GB";"2024-06-13 14:24";"2023-12-08 10:46";
"SEDERS-MS78VT6A";"RioSaudeSEDE";"Em uso";"Positivo";"5A378VT6A";"MiniPC";"POSITIVO MASTER C6400 MINI PRO ROHS";"DGOVI";"Windows 10 Pro";"12th Gen Intel(R) Core(TM) i3-12100t   2.20 GHz";"8 GB";"500 GB";"2026-01-16 18:15";"2023-12-01 15:32";
"SEDERS-MS78W33W";"RioSaudeSEDE";"Reserva";"Positivo";"5A378W33W";"MiniPC";"POSITIVO MASTER C6400 MINI PRO ROHS";"DGOVI";"Windows 10 Pro";"12th Gen Intel(R) Core(TM) i3-12100t   2.20 GHz";"8 GB";"500 GB";"2025-12-19 16:45";"2023-12-01 14:13";
"SEDERS-MS7K00N1";"RioSaudeSEDE";"Reserva";"Lenovo";"8SSM10A45376A1DG57K00N1";"Desktop";"THINKCENTRE LENOVO E73";"DGOVI";"Windows 10 Pro";"4th Gen Intel(R) Core(TM) i3-4160 3.60 GHz";"8 GB";"500 GB";"2025-08-08 14:48";"2023-12-29 11:59";
"SEDERS-MS807N20";"RioSaudeSEDE";"Em uso";"Positivo";"5A3807N20";"MiniPC";"POSITIVO MASTER C6400 MINI PRO ROHS";"DGOVI";"Windows 10 Pro";"12th Gen Intel(R) Core(TM) i3-12100t   2.20 GHz";"8 GB";"500 GB";"2025-07-23 12:08";"2023-12-14 09:24";
"SEDERS-MSM9RKF2";"RioSaudeSEDE";"Reserva";"DELL";"CM9RKF2";"Desktop";"DELL OPTIPLEX 3040";"DGOVI";"Windows 10 Pro";"6th  Intel(R) Core(TM) i5-6500 CPU  3.20GHz";"8 GB";"500 GB";"2025-05-12 13:38";"2023-11-23 17:13";
"SEDERS-MSMBLKF2";"RioSaudeSEDE";"Reserva";"DELL";"CMBLKF2";"Desktop";"DELL OPTIPLEX 3040";"DGOVI";"Windows 10 Pro";"6th  Intel(R) Core(TM) i5-6500 CPU  3.20GHz";"8 GB";"500 GB";"2025-05-12 13:41";"2023-12-05 15:27";
"SEDERS-MSMGLKF2";"RioSaudeSEDE";"Reserva";"DELL";"CMGLKF2";"Desktop";"DELL OPTIPLEX 3040";"DGOVI";"Windows 10 Pro";"6th  Intel(R) Core(TM) i5-6500 CPU  3.20GHz";"8 GB";"500 GB";"2025-05-16 17:12";"2023-11-29 13:37";
"SEDERS-MSN0TKF2";"RioSaudeSEDE";"Reserva";"DELL";"CN0TKF2";"Desktop";"DELL OPTIPLEX 3040";"DGOVI";"Windows 10 Pro";"6th  Intel(R) Core(TM) i5-6500 CPU  3.20GHz";"8 GB";"500 GB";"2025-05-12 13:39";"2023-12-06 15:26";
"SEDERS-MSN2MKF2";"RioSaudeSEDE";"Reserva";"DELL";"CN2MKF2";"Desktop";"DELL OPTIPLEX 3040";"DGOVI";"Windows 10 Pro";"6th  Intel(R) Core(TM) i5-6500 CPU  3.20GHz";"8 GB";"320 GB";"2026-01-16 11:17";"2023-12-06 11:57";
"SEDERS-MSQCNF22";"RioSaudeSEDE";"Reserva";"DELL";"FQCNF22";"Desktop";"DELL OPTIPLEX 3020";"DGOVI";"Windows 10 Pro";"4th Gen Intel(R) Core(TM) i5-4590 CPU @ 3.30GHz";"8 GB";"500 GB";"2025-10-20 15:15";"2023-12-14 09:29";
"SEDERS-MSQWWZX1";"RioSaudeSEDE";"Reserva";"DELL";"JQWWZX1";"Desktop";"DELL OPTIPLEX 3020";"DGOVI";"Windows 10 Pro";"4th Gen Intel(R) Core(TM) i5-4590 CPU @ 3.30GHz";"8 GB";"500 GB";"2025-05-22 13:00";"2024-03-18 15:34";
"SEDERS-MSSTGCD2";"RioSaudeSEDE";"Reserva";"DELL";"GSTGCD2";"Desktop";"DELL OPTIPLEX 3040";"DGOVI";"Windows 10 Pro";"6th  Intel(R) Core(TM) i5-6500 CPU  3.20GHz";"8 GB";"500 GB";"2026-01-16 11:16";"2023-12-05 14:46";
"SEDERS-MSSXCCD2";"RioSaudeSEDE";"Reserva";"DELL";"GSXCCD2";"Desktop";"DELL OPTIPLEX 3020";"DGOVI";"Windows 10 Pro";"";"";"";"2025-11-03 11:09";"2024-06-21 01:59";
"SEDERS-MSSZXL22";"RioSaudeSEDE";"Reserva";"DELL";"HSZXL22";"Desktop";"DELL OPTIPLEX 3020";"DGOVI";"Windows 10 Pro";"4th Gen Intel(R) Core(TM) i5-4590 CPU @ 3.30GHz";"8 GB";"500 GB";"2025-06-24 15:57";"2023-12-12 10:49";
"SEDERS-MSSZZL22";"RioSaudeSEDE";"Reserva";"DELL";"FSZZL22";"Desktop";"DELL OPTIPLEX 3020";"DGOVI";"Windows 10 Pro";"4th Gen Intel(R) Core(TM) i5-4590 CPU @ 3.30GHz";"8 GB";"500 GB";"2025-10-20 15:13";"2023-12-06 14:59";
"SEDERS-MST02M22";"RioSaudeSEDE";"Reserva";"DELL";"JT02M22";"Desktop";"DELL OPTIPLEX 3020";"DGOVI";"Windows 10 Pro";"4th Gen Intel(R) Core(TM) i5-4590 CPU @ 3.30GHz";"8 GB";"500 GB";"2025-05-14 16:40";"2023-12-12 15:07";
"SEDERS-MST04M22";"RioSaudeSEDE";"Defeito";"DELL";"DT04M22";"Desktop";"DELL OPTIPLEX 3020";"DGOVI";"Windows 10 Pro";"4th Gen Intel(R) Core(TM) i5-4590 CPU @ 3.30GHz";"8 GB";"500 GB";"2024-07-02 14:19";"2023-11-29 14:07";
"SEDERS-MST07CD2";"RioSaudeSEDE";"Reserva";"DELL";"GT07CD2";"Desktop";"DELL OPTIPLEX 3040";"DGOVI";"Windows 10 Pro";"6th  Intel(R) Core(TM) i5-6500 CPU  3.20GHz";"8 GB";"500 GB";"2025-07-22 09:54";"2023-11-21 12:01";
"SEDERS-MST0GCD2";"RioSaudeSEDE";"Reserva";"DELL";"GT0GCD2";"Desktop";"DELL OPTIPLEX 3040";"DGOVI";"Windows 11 Pro";"6th  Intel(R) Core(TM) i5-6500 CPU  3.20GHz";"8 GB";"500 GB";"2025-07-01 16:27";"2023-12-04 10:17";
"SEDERS-MSZFS862";"RioSaudeSEDE";"Reserva";"DELL";"CZFS862";"Desktop";"DELL OPTIPLEX 3020";"DGOVI";"Windows 10 Pro";"4th Gen Intel(R) Core(TM) i5-4590 CPU @ 3.30GHz";"4 GB";"500 GB";"2025-06-30 15:55";"2023-12-06 14:12";
"SEDERS-MSZK0642";"RioSaudeSEDE";"Reserva";"DELL";"CZK0642";"Desktop";"DELL OPTIPLEX 3020";"DGOVI";"Windows 10 Pro";"4th Gen Intel(R) Core(TM) i5-4590 CPU @ 3.30GHz";"8 GB";"500 GB";"2025-10-20 11:51";"2023-11-23 12:26";
"SEDERS-MSZKW862";"RioSaudeSEDE";"Reserva";"DELL";"CZKW862";"Desktop";"DELL OPTIPLEX 3020";"DGOVI";"Windows 10 Pro";"4th Gen Intel(R) Core(TM) i5-4590 CPU @ 3.30GHz";"8 GB";"500 GB";"2025-05-14 16:39";"2023-12-13 11:45";
"SEDERS-NS010001";"RioSaudeSEDE";"Reserva";"Daten";"01042701010001";"Notebook";"DCM4A-4";"DGOVI";"Windows 10 Pro";"AMD Ryzen™ 3 5400U";"8 GB";"500 GB";"2023-12-14 17:14";"2023-12-14 12:27";
"SEDERS-NS010007";"RioSaudeSEDE";"Reserva";"Daten";"01042700010007";"Notebook";"DCM4A-4";"DGOVI";"Windows 10 Pro";"AMD Ryzen™ 3 5400U";"8 GB";"500 GB";"2024-06-14 12:14";"2023-12-14 12:44";
"SEDERS-NS010010";"RioSaudeSEDE";"Reserva";"Daten";"01042700010010";"Notebook";"DCM4A-4";"DGOVI";"Windows 10 Pro";"AMD Ryzen™ 3 5400U";"8 GB";"500 GB";"2023-12-14 17:14";"2023-12-14 12:47";
"SEDERS-NS010011";"RioSaudeSEDE";"Em uso";"Daten";"01042700010011";"Notebook";"DCM4A-4";"DGOVI";"Windows 10 Pro";"AMD Ryzen™ 3 5400U";"8 GB";"500 GB";"2024-06-13 14:27";"2023-12-14 12:48";
"SEDERS-NS010013";"RioSaudeSEDE";"Reserva";"Daten";"01042700010013";"Notebook";"DCM4A-4";"DGOVI";"Windows 10 Pro";"AMD Ryzen™ 3 5400U";"8 GB";"500 GB";"2023-12-14 17:14";"2023-12-14 12:50";
"SEDERS-NS010015";"RioSaudeSEDE";"Em uso";"Daten";"01042700010015";"Notebook";"DCM4A-4";"DGOVI";"Windows 10 Pro";"AMD Ryzen™ 3 5400U";"8 GB";"500 GB";"2024-06-13 14:28";"2023-12-14 12:53";
"SEDERS-NS010016";"RioSaudeSEDE";"Em uso";"Daten";"01042700010016";"Notebook";"DCM4A-4";"DGOVI";"Windows 10 Pro";"AMD Ryzen™ 3 5400U";"8 GB";"500 GB";"2024-06-13 14:27";"2023-12-14 12:53";
"SEDERS-NS010019";"RioSaudeSEDE";"Em uso";"Daten";"01042700010019";"Notebook";"DCM4A-4";"DGOVI";"Windows 10 Pro";"AMD Ryzen™ 3 5400U";"8 GB";"500 GB";"2024-06-17 09:49";"2023-12-14 12:56";
"SEDERS-NS010020";"RioSaudeSEDE";"Reserva";"Daten";"01042700010020";"Notebook";"DCM4A-4";"DGOVI";"Windows 10 Pro";"AMD Ryzen™ 3 5400U";"8 GB";"500 GB";"2023-12-14 17:14";"2023-12-14 12:57";
"SEDERS-NS010022";"RioSaudeSEDE";"Reserva";"Daten";"1042700010022";"Notebook";"DCM4A-4";"DGOVI";"Windows 10 Pro";"AMD Ryzen™ 3 5400U";"8 GB";"500 GB";"2023-12-14 17:14";"2023-12-14 12:58";
"SEDERS-NS010023";"RioSaudeSEDE";"Em uso";"Daten";"01042700010023";"Notebook";"DCM4A-4";"DGOVI";"Windows 10 Pro";"AMD Ryzen™ 3 5400U";"8 GB";"500 GB";"2024-06-13 14:28";"2023-12-14 12:59";
"SEDERS-NS010024";"RioSaudeSEDE";"Reserva";"Daten";"01042700010024";"Notebook";"DCM4A-4";"DGOVI";"Windows 10 Pro";"AMD Ryzen™ 3 5400U";"8 GB";"500 GB";"2023-12-14 17:14";"2023-12-14 13:00";
"SEDERS-NS0100B2";"RioSaudeSEDE";"Em uso";"Daten";"01042700010002";"Notebook";"DCM4A-4";"DGOVI";"Windows 10 Pro";"AMD Ryzen™ 3 5400U";"8 GB";"500 GB";"2024-06-13 14:28";"2023-12-14 13:30";
"SEDERS-NS0100C3";"RioSaudeSEDE";"Em uso";"Daten";"01042700010003";"Notebook";"DCM4A-4";"DGOVI";"Windows 10 Pro";"AMD Ryzen™ 3 5400U";"8 GB";"500 GB";"2024-06-13 14:28";"2023-12-14 13:30";
